file_name,line_name,rest_wavelength,fit_type,fitted_center,depth,sigma_gaussian_width,gamma_voigt,r_squared,success,note
spec-0354-51792-0233_despiked.fits,He I 3818,3818.0,gaussian,3819.6915805089457,0.15976833021098472,1.284977091770076,,0.26254683726793415,True,
spec-0354-51792-0233_despiked.fits,H8 + He I 3890,3890.0,gaussian,3890.1410858810796,0.3353549619172178,1.5320745858128348,,0.5413206782327233,True,
spec-0354-51792-0233_despiked.fits,He I 4028,4028.0,gaussian,4026.8530068016785,0.18831726683451094,10.865393412005938,,0.2751322616980608,True,
spec-0354-51792-0233_despiked.fits,He I 4473,4473.0,gaussian,4472.682563236203,0.2600048610031599,5.2531411589047545,,0.7784804081593006,True,
spec-0354-51792-0233_despiked.fits,He I 4715,4715.0,gaussian,4715.258820167567,0.20082578611143428,2.178848948730578,,0.6665502813248267,True,
spec-0354-51792-0233_despiked.fits,He I 4925,4925.0,gaussian,4923.974434212689,0.13514754215692837,3.6026544816981936,,0.7264036737650148,True,
spec-0354-51792-0233_despiked.fits,He I 5015,5015.7,gaussian,5017.478386893241,0.22195372370659508,2.67863840143607,,0.7245581698318042,True,
spec-0354-51792-0233_despiked.fits,He I 5876,5875.6,gaussian,5875.7813845580695,0.7724864556353075,17.20015065049489,,0.4729379396767621,True,
spec-0354-51792-0233_despiked.fits,He I 6678,6678.15,gaussian,6681.144117150955,0.17929809875147962,6.303812937376619,,0.6669823385507803,True,
